job_id,title,description,skills_required
1,ML Developer,Looking for a ML Developer,"Python, Machine Learning, Django, NLP"
2,Backend Developer,Looking for a Backend Developer,"Machine Learning, Data Science, JavaScript"
3,Data Scientist,Looking for a Data Scientist,"NLP, Deep Learning"
4,ML Developer,Looking for a ML Developer,"Data Science, Machine Learning, Flask, React, Django"
5,NLP Engineer,Looking for a NLP Engineer,"Python, Deep Learning, Machine Learning, Flask"
6,Data Scientist,Looking for a Data Scientist,"Django, Python, Machine Learning, NLP, MySQL"
7,AI Engineer,Looking for a AI Engineer,"MySQL, Data Science, Machine Learning, JavaScript, NLP"
8,Backend Developer,Looking for a Backend Developer,"MySQL, Flask"
9,NLP Engineer,Looking for a NLP Engineer,"Django, MySQL"
10,Database Admin,Looking for a Database Admin,"NLP, Machine Learning"
11,ML Developer,Looking for a ML Developer,"MySQL, Django, Machine Learning"
12,NLP Engineer,Looking for a NLP Engineer,"Deep Learning, MySQL, JavaScript, NLP, Flask"
13,Database Admin,Looking for a Database Admin,"Flask, Data Science"
14,Full Stack Developer,Looking for a Full Stack Developer,"Machine Learning, React, Flask, JavaScript"
15,AI Engineer,Looking for a AI Engineer,"Python, Machine Learning, Data Science, Deep Learning"
16,Software Engineer,Looking for a Software Engineer,"Python, NLP, Machine Learning, Django, Flask"
17,Software Engineer,Looking for a Software Engineer,"Deep Learning, Flask"
18,AI Engineer,Looking for a AI Engineer,"Flask, JavaScript, Deep Learning"
19,NLP Engineer,Looking for a NLP Engineer,"Machine Learning, Data Science"
20,NLP Engineer,Looking for a NLP Engineer,"NLP, JavaScript"
21,Data Scientist,Looking for a Data Scientist,"NLP, MySQL, Deep Learning"
22,Backend Developer,Looking for a Backend Developer,"Deep Learning, React, JavaScript, Machine Learning"
23,ML Developer,Looking for a ML Developer,"Deep Learning, Python, NLP, JavaScript"
24,NLP Engineer,Looking for a NLP Engineer,"Deep Learning, Django, JavaScript, Flask"
25,Software Engineer,Looking for a Software Engineer,"Data Science, Django"
26,Database Admin,Looking for a Database Admin,"JavaScript, Deep Learning, Flask, Machine Learning"
27,Backend Developer,Looking for a Backend Developer,"JavaScript, Data Science, MySQL, Python, Flask"
28,ML Developer,Looking for a ML Developer,"Flask, Python, Data Science"
29,Data Scientist,Looking for a Data Scientist,"NLP, Flask"
30,Full Stack Developer,Looking for a Full Stack Developer,"Python, JavaScript"
31,Backend Developer,Looking for a Backend Developer,"React, JavaScript, NLP, Machine Learning"
32,Database Admin,Looking for a Database Admin,"MySQL, React"
33,Backend Developer,Looking for a Backend Developer,"MySQL, Python"
34,Database Admin,Looking for a Database Admin,"JavaScript, Machine Learning, Flask"
35,Full Stack Developer,Looking for a Full Stack Developer,"Python, Machine Learning, Deep Learning"
36,Database Admin,Looking for a Database Admin,"React, MySQL, Machine Learning, Python, NLP"
37,Backend Developer,Looking for a Backend Developer,"React, Machine Learning, MySQL, NLP"
38,Full Stack Developer,Looking for a Full Stack Developer,"Deep Learning, NLP, Django, React"
39,Software Engineer,Looking for a Software Engineer,"Django, Flask, Deep Learning, Data Science"
40,Full Stack Developer,Looking for a Full Stack Developer,"NLP, React, MySQL"
41,Software Engineer,Looking for a Software Engineer,"NLP, Django, React"
42,NLP Engineer,Looking for a NLP Engineer,"React, Machine Learning, Django, Deep Learning"
43,Data Scientist,Looking for a Data Scientist,"JavaScript, Deep Learning, Machine Learning, React"
44,ML Developer,Looking for a ML Developer,"Machine Learning, JavaScript, Data Science, Django"
45,Database Admin,Looking for a Database Admin,"Django, Python"
46,Software Engineer,Looking for a Software Engineer,"Machine Learning, NLP, React"
47,NLP Engineer,Looking for a NLP Engineer,"Django, Machine Learning"
48,Data Scientist,Looking for a Data Scientist,"Flask, Deep Learning"
49,Full Stack Developer,Looking for a Full Stack Developer,"MySQL, Python, Flask, Deep Learning, Django"
50,AI Engineer,Looking for a AI Engineer,"MySQL, React, Python, NLP"
51,Database Admin,Looking for a Database Admin,"Data Science, Python, Deep Learning"
52,Backend Developer,Looking for a Backend Developer,"MySQL, NLP, Flask, Machine Learning, React"
53,Backend Developer,Looking for a Backend Developer,"Django, MySQL, Flask, Machine Learning"
54,Database Admin,Looking for a Database Admin,"Django, NLP, Deep Learning"
55,Data Scientist,Looking for a Data Scientist,"NLP, Python, Flask"
56,Backend Developer,Looking for a Backend Developer,"NLP, Deep Learning, Django, Flask"
57,ML Developer,Looking for a ML Developer,"Python, JavaScript, NLP, Data Science, Deep Learning"
58,Data Scientist,Looking for a Data Scientist,"Data Science, Django, MySQL, JavaScript"
59,Database Admin,Looking for a Database Admin,"MySQL, Deep Learning, Django, Flask"
60,Software Engineer,Looking for a Software Engineer,"Python, NLP"
61,ML Developer,Looking for a ML Developer,"Data Science, Flask, MySQL, Machine Learning, JavaScript"
62,NLP Engineer,Looking for a NLP Engineer,"Django, MySQL"
63,ML Developer,Looking for a ML Developer,"Django, Machine Learning"
64,Data Scientist,Looking for a Data Scientist,"Data Science, React, JavaScript, Deep Learning, NLP"
65,Data Scientist,Looking for a Data Scientist,"Data Science, Flask, JavaScript"
66,Database Admin,Looking for a Database Admin,"Python, NLP, JavaScript"
67,NLP Engineer,Looking for a NLP Engineer,"Flask, Machine Learning, JavaScript"
68,NLP Engineer,Looking for a NLP Engineer,"Flask, MySQL, NLP, Data Science, Django"
69,ML Developer,Looking for a ML Developer,"NLP, Flask"
70,ML Developer,Looking for a ML Developer,"NLP, Machine Learning, Flask"
71,AI Engineer,Looking for a AI Engineer,"Flask, Data Science, Django"
72,Data Scientist,Looking for a Data Scientist,"Django, Machine Learning, JavaScript"
73,ML Developer,Looking for a ML Developer,"JavaScript, MySQL"
74,Full Stack Developer,Looking for a Full Stack Developer,"Python, MySQL"
75,Database Admin,Looking for a Database Admin,"JavaScript, Django, MySQL, React, Data Science"
76,Database Admin,Looking for a Database Admin,"MySQL, Django, React, JavaScript, Machine Learning"
77,Data Scientist,Looking for a Data Scientist,"MySQL, Data Science, Python, JavaScript"
78,ML Developer,Looking for a ML Developer,"MySQL, Python, Flask, JavaScript, Deep Learning"
79,Full Stack Developer,Looking for a Full Stack Developer,"JavaScript, MySQL, Machine Learning"
80,Full Stack Developer,Looking for a Full Stack Developer,"NLP, MySQL, Data Science, Flask"
81,ML Developer,Looking for a ML Developer,"Data Science, MySQL"
82,NLP Engineer,Looking for a NLP Engineer,"MySQL, NLP, Flask, React"
83,AI Engineer,Looking for a AI Engineer,"Python, NLP"
84,Full Stack Developer,Looking for a Full Stack Developer,"Data Science, Django, Machine Learning"
85,Data Scientist,Looking for a Data Scientist,"React, Python, Flask, Machine Learning, Django"
86,ML Developer,Looking for a ML Developer,"MySQL, Deep Learning, Django, Python"
87,ML Developer,Looking for a ML Developer,"Flask, JavaScript, React, Data Science, Django"
88,Data Scientist,Looking for a Data Scientist,"Flask, React, NLP"
89,Software Engineer,Looking for a Software Engineer,"MySQL, Python, NLP, JavaScript, Django"
90,AI Engineer,Looking for a AI Engineer,"Deep Learning, Flask, NLP"
91,Database Admin,Looking for a Database Admin,"Deep Learning, Python, React, Flask"
92,AI Engineer,Looking for a AI Engineer,"NLP, MySQL, Python, React, Flask"
93,Backend Developer,Looking for a Backend Developer,"Deep Learning, Data Science"
94,Database Admin,Looking for a Database Admin,"Machine Learning, React, MySQL, Deep Learning, Flask"
95,Software Engineer,Looking for a Software Engineer,"NLP, MySQL, React, Flask"
96,Full Stack Developer,Looking for a Full Stack Developer,"Deep Learning, MySQL, Python, Django, Flask"
97,Full Stack Developer,Looking for a Full Stack Developer,"Machine Learning, Python, Flask, MySQL"
98,Backend Developer,Looking for a Backend Developer,"Flask, JavaScript"
99,Full Stack Developer,Looking for a Full Stack Developer,"JavaScript, Machine Learning, React, Data Science"
100,ML Developer,Looking for a ML Developer,"JavaScript, Python, Flask, Data Science"
101,Software Engineer,Looking for a Software Engineer,"React, Data Science, Flask, NLP"
102,Backend Developer,Looking for a Backend Developer,"Machine Learning, Python, NLP, Flask"
103,Data Scientist,Looking for a Data Scientist,"Flask, Machine Learning, Deep Learning"
104,Backend Developer,Looking for a Backend Developer,"Deep Learning, Flask, MySQL, Python"
105,AI Engineer,Looking for a AI Engineer,"React, Flask"
106,Backend Developer,Looking for a Backend Developer,"Python, JavaScript, NLP, Machine Learning, Django"
107,Data Scientist,Looking for a Data Scientist,"NLP, React, MySQL"
108,Software Engineer,Looking for a Software Engineer,"JavaScript, Deep Learning, React, Machine Learning"
109,Database Admin,Looking for a Database Admin,"MySQL, NLP, Data Science, React"
110,Software Engineer,Looking for a Software Engineer,"MySQL, Flask"
111,Software Engineer,Looking for a Software Engineer,"Machine Learning, React, MySQL"
112,Backend Developer,Looking for a Backend Developer,"Django, MySQL, Data Science, React"
113,ML Developer,Looking for a ML Developer,"MySQL, Python, Flask, React"
114,NLP Engineer,Looking for a NLP Engineer,"Data Science, NLP, Flask"
115,AI Engineer,Looking for a AI Engineer,"MySQL, Django"
116,Data Scientist,Looking for a Data Scientist,"Machine Learning, MySQL, NLP, JavaScript"
117,NLP Engineer,Looking for a NLP Engineer,"Deep Learning, JavaScript, Machine Learning"
118,ML Developer,Looking for a ML Developer,"JavaScript, React, Deep Learning"
119,Backend Developer,Looking for a Backend Developer,"Flask, Django, NLP"
120,Database Admin,Looking for a Database Admin,"Machine Learning, Python, Data Science, JavaScript, React"
121,Backend Developer,Looking for a Backend Developer,"NLP, MySQL, Flask, Deep Learning"
122,AI Engineer,Looking for a AI Engineer,"Deep Learning, React"
123,Data Scientist,Looking for a Data Scientist,"Data Science, JavaScript, MySQL, Machine Learning, Python"
124,Software Engineer,Looking for a Software Engineer,"Deep Learning, Data Science, Django, MySQL, JavaScript"
125,Full Stack Developer,Looking for a Full Stack Developer,"Python, Machine Learning, React, Data Science, JavaScript"
126,Backend Developer,Looking for a Backend Developer,"Machine Learning, Data Science, JavaScript, Django"
127,Data Scientist,Looking for a Data Scientist,"Data Science, Python"
128,NLP Engineer,Looking for a NLP Engineer,"Data Science, Machine Learning"
129,NLP Engineer,Looking for a NLP Engineer,"NLP, Django"
130,Software Engineer,Looking for a Software Engineer,"Machine Learning, Data Science, MySQL, React"
131,AI Engineer,Looking for a AI Engineer,"Data Science, Machine Learning, React, Deep Learning, Python"
132,Database Admin,Looking for a Database Admin,"Data Science, MySQL, NLP, Deep Learning"
133,Software Engineer,Looking for a Software Engineer,"JavaScript, NLP, Deep Learning, React, Data Science"
134,AI Engineer,Looking for a AI Engineer,"JavaScript, Django, React, Deep Learning"
135,Data Scientist,Looking for a Data Scientist,"Deep Learning, Flask, JavaScript"
136,AI Engineer,Looking for a AI Engineer,"React, Flask, NLP"
137,Data Scientist,Looking for a Data Scientist,"NLP, JavaScript, Data Science, Machine Learning"
138,Software Engineer,Looking for a Software Engineer,"MySQL, NLP, Flask"
139,Software Engineer,Looking for a Software Engineer,"NLP, MySQL, Machine Learning"
140,Backend Developer,Looking for a Backend Developer,"Python, Django, MySQL, React"
141,ML Developer,Looking for a ML Developer,"React, MySQL, JavaScript, Django, Data Science"
142,ML Developer,Looking for a ML Developer,"Machine Learning, React, MySQL, Data Science, Django"
143,Database Admin,Looking for a Database Admin,"Machine Learning, JavaScript, Data Science, NLP"
144,AI Engineer,Looking for a AI Engineer,"React, Python, Deep Learning, Machine Learning, Django"
145,Database Admin,Looking for a Database Admin,"Data Science, Flask, JavaScript"
146,AI Engineer,Looking for a AI Engineer,"Python, React, Flask"
147,AI Engineer,Looking for a AI Engineer,"Machine Learning, NLP, JavaScript, Data Science, React"
148,AI Engineer,Looking for a AI Engineer,"Django, Flask, Machine Learning, MySQL"
149,Full Stack Developer,Looking for a Full Stack Developer,"Python, Flask, Deep Learning"
150,ML Developer,Looking for a ML Developer,"NLP, Python, JavaScript, Flask, Data Science"
151,Backend Developer,Looking for a Backend Developer,"JavaScript, React, Django"
152,Data Scientist,Looking for a Data Scientist,"Django, Python"
153,Backend Developer,Looking for a Backend Developer,"JavaScript, NLP"
154,AI Engineer,Looking for a AI Engineer,"Django, Machine Learning"
155,Software Engineer,Looking for a Software Engineer,"Machine Learning, JavaScript, Deep Learning"
156,Software Engineer,Looking for a Software Engineer,"MySQL, React, Data Science, Deep Learning"
157,Backend Developer,Looking for a Backend Developer,"MySQL, Python, Machine Learning, NLP"
158,NLP Engineer,Looking for a NLP Engineer,"Python, Flask, React"
159,NLP Engineer,Looking for a NLP Engineer,"Django, Flask, Deep Learning"
160,Database Admin,Looking for a Database Admin,"Data Science, Machine Learning, Deep Learning"
161,ML Developer,Looking for a ML Developer,"Django, Flask"
162,Data Scientist,Looking for a Data Scientist,"Data Science, MySQL, Django, Machine Learning, Deep Learning"
163,Database Admin,Looking for a Database Admin,"JavaScript, Python, Django, Data Science, Deep Learning"
164,Backend Developer,Looking for a Backend Developer,"Data Science, MySQL, NLP, Django, Machine Learning"
165,Data Scientist,Looking for a Data Scientist,"JavaScript, NLP, Machine Learning"
166,Data Scientist,Looking for a Data Scientist,"Deep Learning, Flask, Machine Learning, React"
167,ML Developer,Looking for a ML Developer,"Python, Flask, Deep Learning, JavaScript, React"
168,Database Admin,Looking for a Database Admin,"MySQL, Django"
169,Software Engineer,Looking for a Software Engineer,"JavaScript, NLP, Django"
170,NLP Engineer,Looking for a NLP Engineer,"Data Science, Machine Learning, React, MySQL, Python"
171,ML Developer,Looking for a ML Developer,"Python, MySQL, Flask"
172,Full Stack Developer,Looking for a Full Stack Developer,"Data Science, Django, Deep Learning, MySQL, NLP"
173,Database Admin,Looking for a Database Admin,"JavaScript, Machine Learning, Flask, Data Science"
174,Backend Developer,Looking for a Backend Developer,"JavaScript, Deep Learning, Flask, Python, React"
175,Data Scientist,Looking for a Data Scientist,"Django, MySQL, JavaScript"
176,AI Engineer,Looking for a AI Engineer,"Django, NLP, Deep Learning, Machine Learning"
177,ML Developer,Looking for a ML Developer,"Python, MySQL, JavaScript, Data Science, NLP"
178,Backend Developer,Looking for a Backend Developer,"Python, Data Science, Django"
179,Software Engineer,Looking for a Software Engineer,"Deep Learning, Machine Learning"
180,ML Developer,Looking for a ML Developer,"Django, MySQL"
181,NLP Engineer,Looking for a NLP Engineer,"Python, Data Science"
182,Software Engineer,Looking for a Software Engineer,"NLP, JavaScript, Django"
183,ML Developer,Looking for a ML Developer,"Deep Learning, MySQL, React, NLP"
184,ML Developer,Looking for a ML Developer,"React, MySQL"
185,Software Engineer,Looking for a Software Engineer,"Data Science, Machine Learning, Python"
186,Software Engineer,Looking for a Software Engineer,"Machine Learning, MySQL"
187,NLP Engineer,Looking for a NLP Engineer,"Flask, React, MySQL, Django"
188,AI Engineer,Looking for a AI Engineer,"React, NLP, Flask, JavaScript"
189,AI Engineer,Looking for a AI Engineer,"Machine Learning, Django, MySQL, JavaScript, Deep Learning"
190,Data Scientist,Looking for a Data Scientist,"Machine Learning, Python, JavaScript, Data Science"
191,AI Engineer,Looking for a AI Engineer,"NLP, React, JavaScript, MySQL, Django"
192,Software Engineer,Looking for a Software Engineer,"Data Science, Machine Learning, Deep Learning"
193,Backend Developer,Looking for a Backend Developer,"NLP, Deep Learning, Python"
194,Data Scientist,Looking for a Data Scientist,"Deep Learning, Data Science, JavaScript, NLP"
195,ML Developer,Looking for a ML Developer,"Machine Learning, Flask, MySQL, Data Science, React"
196,AI Engineer,Looking for a AI Engineer,"JavaScript, Python, Flask, Machine Learning"
197,Software Engineer,Looking for a Software Engineer,"Deep Learning, NLP, JavaScript, Flask, Django"
198,NLP Engineer,Looking for a NLP Engineer,"Data Science, Django, MySQL, JavaScript"
199,Software Engineer,Looking for a Software Engineer,"Python, Machine Learning"
200,Backend Developer,Looking for a Backend Developer,"Data Science, Machine Learning, NLP"
201,AI Engineer,Looking for a AI Engineer,"NLP, MySQL, Python, JavaScript, React"
202,Database Admin,Looking for a Database Admin,"React, Python, Machine Learning"
203,ML Developer,Looking for a ML Developer,"MySQL, NLP, Django, Python"
204,AI Engineer,Looking for a AI Engineer,"Python, Django, NLP, Machine Learning"
205,AI Engineer,Looking for a AI Engineer,"Machine Learning, Data Science, Django, Python, NLP"
206,Software Engineer,Looking for a Software Engineer,"Django, MySQL, React, Deep Learning"
207,Backend Developer,Looking for a Backend Developer,"React, NLP, JavaScript"
208,Full Stack Developer,Looking for a Full Stack Developer,"Python, Deep Learning, Django, React"
209,Database Admin,Looking for a Database Admin,"NLP, React, Machine Learning, Python, Data Science"
210,NLP Engineer,Looking for a NLP Engineer,"Flask, React, Django"
211,AI Engineer,Looking for a AI Engineer,"Machine Learning, Deep Learning, MySQL"
212,Backend Developer,Looking for a Backend Developer,"Django, Flask, React"
213,ML Developer,Looking for a ML Developer,"Deep Learning, Django, Machine Learning, Flask"
214,Software Engineer,Looking for a Software Engineer,"Flask, NLP"
215,ML Developer,Looking for a ML Developer,"Flask, MySQL, Data Science"
216,AI Engineer,Looking for a AI Engineer,"Machine Learning, Deep Learning, Data Science"
217,Database Admin,Looking for a Database Admin,"Deep Learning, Django"
218,NLP Engineer,Looking for a NLP Engineer,"Flask, NLP, MySQL, Machine Learning"
219,Software Engineer,Looking for a Software Engineer,"Flask, Python, NLP, Deep Learning"
220,Software Engineer,Looking for a Software Engineer,"MySQL, JavaScript, React"
221,AI Engineer,Looking for a AI Engineer,"MySQL, NLP, React, Deep Learning"
222,Full Stack Developer,Looking for a Full Stack Developer,"Flask, NLP"
223,Backend Developer,Looking for a Backend Developer,"Data Science, Python"
224,Software Engineer,Looking for a Software Engineer,"Deep Learning, MySQL, JavaScript, NLP"
225,ML Developer,Looking for a ML Developer,"Flask, Python"
226,Software Engineer,Looking for a Software Engineer,"Django, NLP"
227,ML Developer,Looking for a ML Developer,"Flask, Django, React, Deep Learning, Python"
228,Data Scientist,Looking for a Data Scientist,"React, Data Science, Machine Learning"
229,Software Engineer,Looking for a Software Engineer,"MySQL, Django"
230,Full Stack Developer,Looking for a Full Stack Developer,"MySQL, React"
231,Software Engineer,Looking for a Software Engineer,"NLP, React, Flask, Deep Learning"
232,Data Scientist,Looking for a Data Scientist,"Flask, NLP"
233,ML Developer,Looking for a ML Developer,"Flask, React"
234,AI Engineer,Looking for a AI Engineer,"NLP, MySQL"
235,Data Scientist,Looking for a Data Scientist,"Django, Machine Learning, Deep Learning, JavaScript, Data Science"
236,Full Stack Developer,Looking for a Full Stack Developer,"Flask, JavaScript"
237,Software Engineer,Looking for a Software Engineer,"Deep Learning, Django, Machine Learning, Data Science"
238,ML Developer,Looking for a ML Developer,"Deep Learning, NLP"
239,Database Admin,Looking for a Database Admin,"JavaScript, Python, Machine Learning, MySQL, Deep Learning"
240,Database Admin,Looking for a Database Admin,"Deep Learning, Data Science"
241,AI Engineer,Looking for a AI Engineer,"Flask, Data Science, Django"
242,NLP Engineer,Looking for a NLP Engineer,"Django, React"
243,ML Developer,Looking for a ML Developer,"MySQL, Data Science, Flask, NLP"
244,AI Engineer,Looking for a AI Engineer,"Python, JavaScript, Deep Learning, Django, Flask"
245,Full Stack Developer,Looking for a Full Stack Developer,"Machine Learning, Flask, Python"
246,Data Scientist,Looking for a Data Scientist,"Data Science, NLP, Python, JavaScript, Deep Learning"
247,Database Admin,Looking for a Database Admin,"JavaScript, Machine Learning, Deep Learning"
248,NLP Engineer,Looking for a NLP Engineer,"JavaScript, Machine Learning, Django"
249,Software Engineer,Looking for a Software Engineer,"Django, Deep Learning, NLP"
250,ML Developer,Looking for a ML Developer,"Deep Learning, Flask, Machine Learning, NLP"
251,Full Stack Developer,Looking for a Full Stack Developer,"Django, NLP, React, Python, JavaScript"
252,AI Engineer,Looking for a AI Engineer,"MySQL, JavaScript, Python, Machine Learning"
253,Software Engineer,Looking for a Software Engineer,"JavaScript, Data Science, NLP, React"
254,Full Stack Developer,Looking for a Full Stack Developer,"Machine Learning, MySQL"
255,Full Stack Developer,Looking for a Full Stack Developer,"Flask, JavaScript, React"
256,Data Scientist,Looking for a Data Scientist,"NLP, JavaScript, Deep Learning, React, Flask"
257,AI Engineer,Looking for a AI Engineer,"Machine Learning, Python, Deep Learning, NLP, JavaScript"
258,Database Admin,Looking for a Database Admin,"Deep Learning, MySQL"
259,ML Developer,Looking for a ML Developer,"JavaScript, MySQL"
260,Software Engineer,Looking for a Software Engineer,"Data Science, MySQL"
261,Full Stack Developer,Looking for a Full Stack Developer,"Django, MySQL, JavaScript, Flask, Machine Learning"
262,ML Developer,Looking for a ML Developer,"Python, React, MySQL"
263,Software Engineer,Looking for a Software Engineer,"Django, Machine Learning, NLP, JavaScript"
264,Data Scientist,Looking for a Data Scientist,"Machine Learning, Deep Learning"
265,Database Admin,Looking for a Database Admin,"NLP, Django, Machine Learning, React, Python"
266,Full Stack Developer,Looking for a Full Stack Developer,"NLP, Flask, Django, Python, MySQL"
267,Full Stack Developer,Looking for a Full Stack Developer,"Deep Learning, Machine Learning"
268,Software Engineer,Looking for a Software Engineer,"Deep Learning, JavaScript, React, Flask"
269,NLP Engineer,Looking for a NLP Engineer,"Python, NLP"
270,Database Admin,Looking for a Database Admin,"React, Python"
271,AI Engineer,Looking for a AI Engineer,"NLP, Deep Learning, JavaScript"
272,Data Scientist,Looking for a Data Scientist,"React, Python, Machine Learning"
273,Backend Developer,Looking for a Backend Developer,"NLP, React, Flask, JavaScript"
274,NLP Engineer,Looking for a NLP Engineer,"Flask, MySQL, Python"
275,Full Stack Developer,Looking for a Full Stack Developer,"NLP, Python, React"
276,ML Developer,Looking for a ML Developer,"Data Science, Flask"
277,Backend Developer,Looking for a Backend Developer,"Python, Data Science, React, Flask"
278,Software Engineer,Looking for a Software Engineer,"Data Science, JavaScript"
279,ML Developer,Looking for a ML Developer,"MySQL, Flask"
280,Database Admin,Looking for a Database Admin,"Flask, React, Django, MySQL, JavaScript"
281,NLP Engineer,Looking for a NLP Engineer,"JavaScript, MySQL, Flask"
282,Software Engineer,Looking for a Software Engineer,"Python, Django, React, Flask, Machine Learning"
283,AI Engineer,Looking for a AI Engineer,"JavaScript, Django, Python"
284,ML Developer,Looking for a ML Developer,"NLP, MySQL, Deep Learning, Django, Machine Learning"
285,Database Admin,Looking for a Database Admin,"NLP, Data Science, Django, Deep Learning"
286,Software Engineer,Looking for a Software Engineer,"React, Machine Learning, Python, MySQL"
287,Backend Developer,Looking for a Backend Developer,"JavaScript, React, Django, MySQL"
288,Software Engineer,Looking for a Software Engineer,"NLP, Flask"
289,AI Engineer,Looking for a AI Engineer,"React, JavaScript, Python"
290,Database Admin,Looking for a Database Admin,"Machine Learning, Data Science, NLP"
291,ML Developer,Looking for a ML Developer,"NLP, Django, MySQL"
292,Backend Developer,Looking for a Backend Developer,"JavaScript, Machine Learning, Flask"
293,NLP Engineer,Looking for a NLP Engineer,"MySQL, NLP, Python, React"
294,ML Developer,Looking for a ML Developer,"MySQL, Django, Machine Learning"
295,Software Engineer,Looking for a Software Engineer,"Django, Python"
296,Full Stack Developer,Looking for a Full Stack Developer,"JavaScript, Machine Learning"
297,ML Developer,Looking for a ML Developer,"Flask, Deep Learning, Data Science"
298,Data Scientist,Looking for a Data Scientist,"Data Science, Django, React, JavaScript"
299,Full Stack Developer,Looking for a Full Stack Developer,"Flask, Data Science, Django"
300,Software Engineer,Looking for a Software Engineer,"JavaScript, Python"
301,NLP Engineer,Looking for a NLP Engineer,"Deep Learning, MySQL, Data Science, JavaScript"
302,Data Scientist,Looking for a Data Scientist,"Deep Learning, MySQL, Flask, NLP"
303,AI Engineer,Looking for a AI Engineer,"JavaScript, Machine Learning, NLP, Deep Learning"
304,Data Scientist,Looking for a Data Scientist,"React, Deep Learning"
305,Full Stack Developer,Looking for a Full Stack Developer,"Python, NLP, JavaScript, React, MySQL"
306,Full Stack Developer,Looking for a Full Stack Developer,"NLP, JavaScript, React"
307,NLP Engineer,Looking for a NLP Engineer,"NLP, Data Science, MySQL, JavaScript, Python"
308,Software Engineer,Looking for a Software Engineer,"MySQL, Data Science"
309,Database Admin,Looking for a Database Admin,"JavaScript, React, NLP, Django"
310,NLP Engineer,Looking for a NLP Engineer,"JavaScript, NLP, React, Machine Learning"
311,Full Stack Developer,Looking for a Full Stack Developer,"Flask, Python, MySQL, React, Machine Learning"
312,Full Stack Developer,Looking for a Full Stack Developer,"Python, Data Science, NLP, Flask, Deep Learning"
313,Data Scientist,Looking for a Data Scientist,"NLP, React, Django, Data Science"
314,Backend Developer,Looking for a Backend Developer,"Deep Learning, MySQL"
315,ML Developer,Looking for a ML Developer,"Deep Learning, Django, MySQL, JavaScript, Python"
316,AI Engineer,Looking for a AI Engineer,"React, Python, JavaScript, MySQL, Data Science"
317,Backend Developer,Looking for a Backend Developer,"Python, Deep Learning"
318,Backend Developer,Looking for a Backend Developer,"Deep Learning, Data Science, Django, Flask"
319,ML Developer,Looking for a ML Developer,"MySQL, Python, Deep Learning, Data Science"
320,AI Engineer,Looking for a AI Engineer,"Python, Data Science"
321,Database Admin,Looking for a Database Admin,"NLP, Python, Deep Learning"
322,NLP Engineer,Looking for a NLP Engineer,"Django, MySQL, Machine Learning"
323,Full Stack Developer,Looking for a Full Stack Developer,"NLP, MySQL, JavaScript"
324,Data Scientist,Looking for a Data Scientist,"Django, React, NLP, JavaScript, Data Science"
325,Database Admin,Looking for a Database Admin,"JavaScript, Flask, Machine Learning, Deep Learning"
326,Full Stack Developer,Looking for a Full Stack Developer,"Python, MySQL, Deep Learning, Data Science"
327,NLP Engineer,Looking for a NLP Engineer,"Deep Learning, Flask, React"
328,Software Engineer,Looking for a Software Engineer,"Machine Learning, JavaScript, NLP, React, Python"
329,AI Engineer,Looking for a AI Engineer,"JavaScript, React"
330,Data Scientist,Looking for a Data Scientist,"Deep Learning, Flask, JavaScript, Django, Data Science"
331,Data Scientist,Looking for a Data Scientist,"React, Django, NLP, MySQL"
332,AI Engineer,Looking for a AI Engineer,"React, JavaScript"
333,Database Admin,Looking for a Database Admin,"Django, React, Machine Learning, MySQL"
334,Software Engineer,Looking for a Software Engineer,"React, Flask"
335,AI Engineer,Looking for a AI Engineer,"Django, Data Science"
336,Full Stack Developer,Looking for a Full Stack Developer,"Flask, Data Science"
337,NLP Engineer,Looking for a NLP Engineer,"Deep Learning, Flask, Data Science, Django"
338,Software Engineer,Looking for a Software Engineer,"React, JavaScript"
339,Database Admin,Looking for a Database Admin,"Machine Learning, Flask, Deep Learning"
340,NLP Engineer,Looking for a NLP Engineer,"Data Science, Machine Learning"
341,Software Engineer,Looking for a Software Engineer,"MySQL, JavaScript, Python, Data Science"
342,Software Engineer,Looking for a Software Engineer,"Data Science, React, MySQL"
343,Data Scientist,Looking for a Data Scientist,"NLP, JavaScript, Deep Learning, Python"
344,ML Developer,Looking for a ML Developer,"Django, Machine Learning, Flask, MySQL, Deep Learning"
345,Database Admin,Looking for a Database Admin,"MySQL, Data Science, Django"
346,Backend Developer,Looking for a Backend Developer,"Data Science, Machine Learning, MySQL, Flask"
347,Software Engineer,Looking for a Software Engineer,"Django, NLP, Python, Flask, React"
348,Database Admin,Looking for a Database Admin,"NLP, React, JavaScript, Deep Learning"
349,Backend Developer,Looking for a Backend Developer,"Django, Deep Learning, Data Science, JavaScript"
350,Data Scientist,Looking for a Data Scientist,"JavaScript, React, MySQL"
351,Software Engineer,Looking for a Software Engineer,"Python, MySQL, Django, NLP, Flask"
352,NLP Engineer,Looking for a NLP Engineer,"Deep Learning, MySQL"
353,Database Admin,Looking for a Database Admin,"Python, Flask"
354,Software Engineer,Looking for a Software Engineer,"Django, JavaScript"
355,AI Engineer,Looking for a AI Engineer,"Flask, React, MySQL, Data Science"
356,Data Scientist,Looking for a Data Scientist,"Deep Learning, NLP"
357,Data Scientist,Looking for a Data Scientist,"Data Science, NLP, Flask, Django"
358,AI Engineer,Looking for a AI Engineer,"JavaScript, Flask"
359,NLP Engineer,Looking for a NLP Engineer,"React, Deep Learning, Django, MySQL, Machine Learning"
360,Database Admin,Looking for a Database Admin,"Django, Data Science"
361,Full Stack Developer,Looking for a Full Stack Developer,"NLP, Deep Learning, Flask, JavaScript, MySQL"
362,Backend Developer,Looking for a Backend Developer,"Data Science, React, Deep Learning"
363,Database Admin,Looking for a Database Admin,"React, Data Science, Python"
364,Database Admin,Looking for a Database Admin,"Data Science, Python, Django, Machine Learning"
365,Database Admin,Looking for a Database Admin,"React, Data Science, Deep Learning, Machine Learning"
366,ML Developer,Looking for a ML Developer,"Machine Learning, JavaScript, Python, React, Deep Learning"
367,NLP Engineer,Looking for a NLP Engineer,"Deep Learning, JavaScript, Machine Learning, MySQL, Data Science"
368,AI Engineer,Looking for a AI Engineer,"Python, Django, JavaScript, Machine Learning, Flask"
369,Software Engineer,Looking for a Software Engineer,"Data Science, React, Flask, MySQL, NLP"
370,Database Admin,Looking for a Database Admin,"Django, NLP"
371,Backend Developer,Looking for a Backend Developer,"Deep Learning, Data Science, JavaScript, Machine Learning, NLP"
372,AI Engineer,Looking for a AI Engineer,"Data Science, Machine Learning, Flask, NLP"
373,Software Engineer,Looking for a Software Engineer,"Deep Learning, JavaScript, MySQL, Machine Learning"
374,Data Scientist,Looking for a Data Scientist,"Python, NLP, Deep Learning"
375,Backend Developer,Looking for a Backend Developer,"MySQL, Machine Learning, Deep Learning, React"
376,Data Scientist,Looking for a Data Scientist,"Django, Machine Learning, Python"
377,ML Developer,Looking for a ML Developer,"Machine Learning, MySQL, React, Django"
378,Data Scientist,Looking for a Data Scientist,"JavaScript, React, NLP, Django"
379,NLP Engineer,Looking for a NLP Engineer,"Data Science, Deep Learning, JavaScript, NLP, Flask"
380,Full Stack Developer,Looking for a Full Stack Developer,"Django, Machine Learning, JavaScript, Python"
381,Backend Developer,Looking for a Backend Developer,"Flask, Data Science, Machine Learning, MySQL"
382,Data Scientist,Looking for a Data Scientist,"Data Science, NLP, Machine Learning"
383,Database Admin,Looking for a Database Admin,"Deep Learning, Flask, Python, React"
384,AI Engineer,Looking for a AI Engineer,"Deep Learning, Flask"
385,NLP Engineer,Looking for a NLP Engineer,"Deep Learning, Django"
386,Database Admin,Looking for a Database Admin,"JavaScript, NLP, Django"
387,AI Engineer,Looking for a AI Engineer,"Django, NLP, Deep Learning, MySQL, Flask"
388,Backend Developer,Looking for a Backend Developer,"Django, MySQL"
389,Data Scientist,Looking for a Data Scientist,"Deep Learning, React"
390,Backend Developer,Looking for a Backend Developer,"Machine Learning, MySQL, React, Deep Learning, Python"
391,Full Stack Developer,Looking for a Full Stack Developer,"Machine Learning, MySQL"
392,Backend Developer,Looking for a Backend Developer,"MySQL, NLP, Django, Deep Learning"
393,ML Developer,Looking for a ML Developer,"React, Data Science, JavaScript, Machine Learning, Django"
394,ML Developer,Looking for a ML Developer,"Machine Learning, Deep Learning, JavaScript, MySQL, React"
395,Backend Developer,Looking for a Backend Developer,"Python, Machine Learning"
396,Backend Developer,Looking for a Backend Developer,"Python, JavaScript, Deep Learning, MySQL"
397,ML Developer,Looking for a ML Developer,"Flask, Data Science, Django"
398,Data Scientist,Looking for a Data Scientist,"Django, Flask, JavaScript"
399,Data Scientist,Looking for a Data Scientist,"MySQL, Django, JavaScript, Machine Learning, NLP"
400,Full Stack Developer,Looking for a Full Stack Developer,"Django, Machine Learning, JavaScript, MySQL"
401,Data Scientist,Looking for a Data Scientist,"MySQL, NLP, React, Data Science, Django"
402,AI Engineer,Looking for a AI Engineer,"Machine Learning, Data Science, React, JavaScript"
403,Backend Developer,Looking for a Backend Developer,"JavaScript, Flask"
404,Full Stack Developer,Looking for a Full Stack Developer,"MySQL, Flask, NLP"
405,Software Engineer,Looking for a Software Engineer,"React, Data Science, Deep Learning, Flask, NLP"
406,Software Engineer,Looking for a Software Engineer,"JavaScript, NLP"
407,Software Engineer,Looking for a Software Engineer,"MySQL, Django, NLP, Deep Learning, Machine Learning"
408,Software Engineer,Looking for a Software Engineer,"JavaScript, Deep Learning"
409,Database Admin,Looking for a Database Admin,"Deep Learning, Machine Learning, NLP, Flask, Data Science"
410,ML Developer,Looking for a ML Developer,"Data Science, Flask, Machine Learning"
411,Full Stack Developer,Looking for a Full Stack Developer,"MySQL, Python, Machine Learning"
412,Database Admin,Looking for a Database Admin,"MySQL, JavaScript, Machine Learning, Python, Data Science"
413,Full Stack Developer,Looking for a Full Stack Developer,"Data Science, Flask, NLP, Machine Learning, Django"
414,Full Stack Developer,Looking for a Full Stack Developer,"MySQL, React, Django, Flask, JavaScript"
415,Full Stack Developer,Looking for a Full Stack Developer,"React, Deep Learning, Flask"
416,Software Engineer,Looking for a Software Engineer,"JavaScript, Flask"
417,Data Scientist,Looking for a Data Scientist,"JavaScript, Django, Flask, Python"
418,ML Developer,Looking for a ML Developer,"Machine Learning, Flask, Django, Deep Learning, JavaScript"
419,ML Developer,Looking for a ML Developer,"NLP, Flask, React, Machine Learning, JavaScript"
420,AI Engineer,Looking for a AI Engineer,"Python, Data Science"
421,Data Scientist,Looking for a Data Scientist,"NLP, Flask, JavaScript, Data Science, Deep Learning"
422,ML Developer,Looking for a ML Developer,"MySQL, NLP, React"
423,Data Scientist,Looking for a Data Scientist,"Deep Learning, Data Science, Django, NLP"
424,NLP Engineer,Looking for a NLP Engineer,"Flask, Data Science"
425,Full Stack Developer,Looking for a Full Stack Developer,"Deep Learning, NLP, Data Science, Django, MySQL"
426,Database Admin,Looking for a Database Admin,"NLP, Python, JavaScript, Data Science, React"
427,Database Admin,Looking for a Database Admin,"Deep Learning, JavaScript, Machine Learning, Data Science"
428,ML Developer,Looking for a ML Developer,"JavaScript, Data Science, Deep Learning, React"
429,ML Developer,Looking for a ML Developer,"Python, Flask, React"
430,Software Engineer,Looking for a Software Engineer,"React, MySQL, Django"
431,Backend Developer,Looking for a Backend Developer,"Data Science, Flask, JavaScript, Machine Learning"
432,ML Developer,Looking for a ML Developer,"React, Django, Machine Learning"
433,AI Engineer,Looking for a AI Engineer,"React, Django"
434,Full Stack Developer,Looking for a Full Stack Developer,"Data Science, Deep Learning, Django, React"
435,Backend Developer,Looking for a Backend Developer,"JavaScript, React, Django, Flask, Deep Learning"
436,AI Engineer,Looking for a AI Engineer,"Django, Machine Learning, React, JavaScript"
437,ML Developer,Looking for a ML Developer,"JavaScript, Deep Learning, Flask"
438,Data Scientist,Looking for a Data Scientist,"NLP, React"
439,Software Engineer,Looking for a Software Engineer,"NLP, Data Science, Machine Learning, MySQL, JavaScript"
440,AI Engineer,Looking for a AI Engineer,"Deep Learning, React, Python, JavaScript, NLP"
441,ML Developer,Looking for a ML Developer,"NLP, JavaScript, Deep Learning, Data Science, MySQL"
442,Data Scientist,Looking for a Data Scientist,"JavaScript, Python, React, Django, NLP"
443,Full Stack Developer,Looking for a Full Stack Developer,"Django, Data Science, React, Python, Flask"
444,Full Stack Developer,Looking for a Full Stack Developer,"Machine Learning, Python, Deep Learning, Flask"
445,Backend Developer,Looking for a Backend Developer,"Machine Learning, Django, Deep Learning"
446,Data Scientist,Looking for a Data Scientist,"Deep Learning, Flask"
447,Software Engineer,Looking for a Software Engineer,"React, JavaScript, Machine Learning, Python"
448,AI Engineer,Looking for a AI Engineer,"Flask, Deep Learning, React, NLP, Python"
449,Software Engineer,Looking for a Software Engineer,"MySQL, JavaScript, React, Deep Learning"
450,NLP Engineer,Looking for a NLP Engineer,"Data Science, JavaScript"
451,ML Developer,Looking for a ML Developer,"MySQL, Django, Machine Learning, JavaScript, Python"
452,NLP Engineer,Looking for a NLP Engineer,"React, JavaScript"
453,NLP Engineer,Looking for a NLP Engineer,"Django, Deep Learning, NLP, JavaScript"
454,Full Stack Developer,Looking for a Full Stack Developer,"Deep Learning, Django, Data Science, MySQL, React"
455,NLP Engineer,Looking for a NLP Engineer,"Python, React, Deep Learning, Machine Learning"
456,Database Admin,Looking for a Database Admin,"Flask, Python, Machine Learning, Django, React"
457,ML Developer,Looking for a ML Developer,"Data Science, Python, Flask"
458,NLP Engineer,Looking for a NLP Engineer,"Machine Learning, Data Science, Django"
459,Data Scientist,Looking for a Data Scientist,"Python, MySQL, Deep Learning, Data Science"
460,Database Admin,Looking for a Database Admin,"NLP, Python, MySQL"
461,Full Stack Developer,Looking for a Full Stack Developer,"Machine Learning, Flask, Deep Learning, Data Science, Django"
462,Data Scientist,Looking for a Data Scientist,"React, JavaScript"
463,Backend Developer,Looking for a Backend Developer,"Data Science, NLP, MySQL, React"
464,Software Engineer,Looking for a Software Engineer,"Data Science, Machine Learning, NLP"
465,Full Stack Developer,Looking for a Full Stack Developer,"Flask, NLP"
466,Database Admin,Looking for a Database Admin,"MySQL, Deep Learning"
467,Backend Developer,Looking for a Backend Developer,"Python, MySQL, Django, Deep Learning, Machine Learning"
468,ML Developer,Looking for a ML Developer,"NLP, Python, React, Machine Learning, MySQL"
469,Software Engineer,Looking for a Software Engineer,"MySQL, NLP, Data Science"
470,Full Stack Developer,Looking for a Full Stack Developer,"Django, MySQL, Python, React, Machine Learning"
471,NLP Engineer,Looking for a NLP Engineer,"NLP, MySQL"
472,Backend Developer,Looking for a Backend Developer,"NLP, JavaScript"
473,Backend Developer,Looking for a Backend Developer,"Machine Learning, Flask, Django"
474,NLP Engineer,Looking for a NLP Engineer,"Data Science, React, NLP, Python, Deep Learning"
475,NLP Engineer,Looking for a NLP Engineer,"Django, Data Science"
476,NLP Engineer,Looking for a NLP Engineer,"JavaScript, NLP"
477,Full Stack Developer,Looking for a Full Stack Developer,"MySQL, Python"
478,NLP Engineer,Looking for a NLP Engineer,"Flask, Deep Learning, NLP, Machine Learning, Python"
479,AI Engineer,Looking for a AI Engineer,"Python, Deep Learning, Data Science, Django, Flask"
480,Database Admin,Looking for a Database Admin,"Python, Deep Learning"
481,Full Stack Developer,Looking for a Full Stack Developer,"Python, NLP"
482,Software Engineer,Looking for a Software Engineer,"Django, Machine Learning, Deep Learning"
483,AI Engineer,Looking for a AI Engineer,"Deep Learning, Flask, Machine Learning, Python"
484,Full Stack Developer,Looking for a Full Stack Developer,"Machine Learning, JavaScript, Data Science, NLP, React"
485,Backend Developer,Looking for a Backend Developer,"Flask, Deep Learning"
486,Full Stack Developer,Looking for a Full Stack Developer,"MySQL, NLP, Machine Learning"
487,AI Engineer,Looking for a AI Engineer,"Python, Deep Learning, React"
488,Data Scientist,Looking for a Data Scientist,"NLP, React, JavaScript, Data Science, Deep Learning"
489,Backend Developer,Looking for a Backend Developer,"JavaScript, Machine Learning, Python, Django"
490,AI Engineer,Looking for a AI Engineer,"JavaScript, Flask, Django, MySQL, Python"
491,NLP Engineer,Looking for a NLP Engineer,"MySQL, Flask, NLP, Python, JavaScript"
492,Software Engineer,Looking for a Software Engineer,"Django, Data Science, Flask"
493,Backend Developer,Looking for a Backend Developer,"Python, JavaScript, Machine Learning, Flask"
494,Backend Developer,Looking for a Backend Developer,"NLP, React"
495,Data Scientist,Looking for a Data Scientist,"Python, Django"
496,AI Engineer,Looking for a AI Engineer,"Deep Learning, Data Science, JavaScript"
497,NLP Engineer,Looking for a NLP Engineer,"Python, Machine Learning, Flask, NLP"
498,Full Stack Developer,Looking for a Full Stack Developer,"Deep Learning, Django, React, MySQL, NLP"
499,NLP Engineer,Looking for a NLP Engineer,"NLP, Python, JavaScript"
500,Full Stack Developer,Looking for a Full Stack Developer,"Data Science, Django, Python, React, Flask"
501,Database Admin,Looking for a Database Admin,"MySQL, Django, Flask, React"
502,NLP Engineer,Looking for a NLP Engineer,"Django, Deep Learning, Data Science"
503,ML Developer,Looking for a ML Developer,"Data Science, MySQL, JavaScript"
504,Database Admin,Looking for a Database Admin,"Flask, Machine Learning"
505,AI Engineer,Looking for a AI Engineer,"Flask, Deep Learning, Data Science"
506,Software Engineer,Looking for a Software Engineer,"Python, JavaScript, Flask, MySQL"
507,Backend Developer,Looking for a Backend Developer,"Python, JavaScript"
508,NLP Engineer,Looking for a NLP Engineer,"Data Science, Deep Learning, Django"
509,NLP Engineer,Looking for a NLP Engineer,"Machine Learning, JavaScript, Django, Flask"
510,NLP Engineer,Looking for a NLP Engineer,"NLP, Machine Learning, Data Science, MySQL, React"
511,ML Developer,Looking for a ML Developer,"Deep Learning, Flask, React, JavaScript"
512,Database Admin,Looking for a Database Admin,"Flask, NLP, JavaScript, MySQL, Data Science"
513,Backend Developer,Looking for a Backend Developer,"NLP, Django, JavaScript, Machine Learning"
514,ML Developer,Looking for a ML Developer,"JavaScript, MySQL"
515,Software Engineer,Looking for a Software Engineer,"Python, Flask, Deep Learning, JavaScript, Machine Learning"
516,Software Engineer,Looking for a Software Engineer,"React, Django, JavaScript, Machine Learning, Data Science"
517,Backend Developer,Looking for a Backend Developer,"Data Science, NLP, Python, React, Machine Learning"
518,Backend Developer,Looking for a Backend Developer,"Django, Flask, JavaScript, React, Machine Learning"
519,ML Developer,Looking for a ML Developer,"Python, Machine Learning, Deep Learning, JavaScript, Django"
520,Software Engineer,Looking for a Software Engineer,"React, Machine Learning, Django, Deep Learning"
521,Database Admin,Looking for a Database Admin,"Data Science, JavaScript"
522,AI Engineer,Looking for a AI Engineer,"React, Machine Learning, Python, Data Science, Flask"
523,Backend Developer,Looking for a Backend Developer,"Django, Data Science"
524,ML Developer,Looking for a ML Developer,"Machine Learning, React, Data Science, Flask, JavaScript"
525,AI Engineer,Looking for a AI Engineer,"JavaScript, Django, Python, React, Data Science"
526,Backend Developer,Looking for a Backend Developer,"React, MySQL"
527,NLP Engineer,Looking for a NLP Engineer,"Deep Learning, Django"
528,Backend Developer,Looking for a Backend Developer,"React, Deep Learning, Python, Flask"
529,ML Developer,Looking for a ML Developer,"Python, Deep Learning, Machine Learning"
530,Data Scientist,Looking for a Data Scientist,"Machine Learning, JavaScript, Deep Learning"
531,Data Scientist,Looking for a Data Scientist,"NLP, Django"
532,AI Engineer,Looking for a AI Engineer,"Flask, React, Data Science, Django, JavaScript"
533,NLP Engineer,Looking for a NLP Engineer,"Deep Learning, JavaScript"
534,AI Engineer,Looking for a AI Engineer,"JavaScript, Python, Django, MySQL, Machine Learning"
535,AI Engineer,Looking for a AI Engineer,"Machine Learning, JavaScript, React, Flask"
536,Data Scientist,Looking for a Data Scientist,"Data Science, Machine Learning, Django, Deep Learning"
537,Backend Developer,Looking for a Backend Developer,"Machine Learning, Data Science, Python"
538,Full Stack Developer,Looking for a Full Stack Developer,"Flask, Deep Learning, JavaScript"
539,Data Scientist,Looking for a Data Scientist,"React, Flask, Data Science"
540,Software Engineer,Looking for a Software Engineer,"Flask, Django, MySQL, Python"
541,ML Developer,Looking for a ML Developer,"React, Machine Learning, MySQL"
542,AI Engineer,Looking for a AI Engineer,"Deep Learning, NLP, React, Django, Flask"
543,Software Engineer,Looking for a Software Engineer,"MySQL, Machine Learning"
544,Backend Developer,Looking for a Backend Developer,"MySQL, Deep Learning"
545,AI Engineer,Looking for a AI Engineer,"Python, NLP, React"
546,Backend Developer,Looking for a Backend Developer,"React, Flask, Django"
547,AI Engineer,Looking for a AI Engineer,"MySQL, Django, Flask"
548,NLP Engineer,Looking for a NLP Engineer,"Deep Learning, JavaScript, Data Science"
549,Backend Developer,Looking for a Backend Developer,"Data Science, MySQL, JavaScript"
550,Backend Developer,Looking for a Backend Developer,"Deep Learning, JavaScript, Django"
551,NLP Engineer,Looking for a NLP Engineer,"JavaScript, Django, Deep Learning, NLP"
552,NLP Engineer,Looking for a NLP Engineer,"Deep Learning, MySQL"
553,Backend Developer,Looking for a Backend Developer,"Django, Data Science, Flask"
554,AI Engineer,Looking for a AI Engineer,"Python, Django, Flask"
555,Full Stack Developer,Looking for a Full Stack Developer,"Flask, JavaScript, Django, NLP, React"
556,Software Engineer,Looking for a Software Engineer,"Machine Learning, Django, Python"
557,NLP Engineer,Looking for a NLP Engineer,"Python, Deep Learning, Django, NLP"
558,Data Scientist,Looking for a Data Scientist,"NLP, Machine Learning, Django"
559,Full Stack Developer,Looking for a Full Stack Developer,"Deep Learning, React, JavaScript, NLP, Machine Learning"
560,Full Stack Developer,Looking for a Full Stack Developer,"Deep Learning, Machine Learning, MySQL, Python"
561,Database Admin,Looking for a Database Admin,"Flask, Data Science, Machine Learning, Django"
562,NLP Engineer,Looking for a NLP Engineer,"Python, Django, React"
563,Data Scientist,Looking for a Data Scientist,"MySQL, NLP"
564,AI Engineer,Looking for a AI Engineer,"React, Data Science, NLP, Machine Learning, Deep Learning"
565,Backend Developer,Looking for a Backend Developer,"Machine Learning, MySQL, NLP"
566,AI Engineer,Looking for a AI Engineer,"Flask, Python, Machine Learning, Data Science, NLP"
567,Data Scientist,Looking for a Data Scientist,"Django, MySQL"
568,Database Admin,Looking for a Database Admin,"Deep Learning, Data Science"
569,ML Developer,Looking for a ML Developer,"Machine Learning, Deep Learning"
570,Backend Developer,Looking for a Backend Developer,"JavaScript, MySQL, Python"
571,Data Scientist,Looking for a Data Scientist,"Python, Machine Learning, JavaScript"
572,NLP Engineer,Looking for a NLP Engineer,"React, Django, Flask, NLP"
573,ML Developer,Looking for a ML Developer,"Machine Learning, Python, NLP, Django"
574,Full Stack Developer,Looking for a Full Stack Developer,"MySQL, Data Science, Machine Learning, JavaScript, NLP"
575,Full Stack Developer,Looking for a Full Stack Developer,"React, Python, JavaScript"
576,Full Stack Developer,Looking for a Full Stack Developer,"JavaScript, MySQL"
577,Database Admin,Looking for a Database Admin,"NLP, Machine Learning, Flask, React"
578,ML Developer,Looking for a ML Developer,"Deep Learning, Flask, Django"
579,Software Engineer,Looking for a Software Engineer,"Deep Learning, Flask, Python"
580,ML Developer,Looking for a ML Developer,"MySQL, Deep Learning, Flask, Python, Data Science"
581,Full Stack Developer,Looking for a Full Stack Developer,"Django, NLP, MySQL, React, Python"
582,Data Scientist,Looking for a Data Scientist,"NLP, Machine Learning"
583,Data Scientist,Looking for a Data Scientist,"JavaScript, Data Science, React, Flask, MySQL"
584,Software Engineer,Looking for a Software Engineer,"Django, Python, Data Science"
585,AI Engineer,Looking for a AI Engineer,"Deep Learning, Flask, NLP, JavaScript, Django"
586,Backend Developer,Looking for a Backend Developer,"Flask, MySQL, NLP, Data Science, Python"
587,Database Admin,Looking for a Database Admin,"Deep Learning, Python, Data Science"
588,NLP Engineer,Looking for a NLP Engineer,"Python, Machine Learning, NLP, JavaScript"
589,Backend Developer,Looking for a Backend Developer,"Machine Learning, React, MySQL, Flask"
590,Full Stack Developer,Looking for a Full Stack Developer,"MySQL, JavaScript, NLP, React, Deep Learning"
591,NLP Engineer,Looking for a NLP Engineer,"JavaScript, Machine Learning"
592,ML Developer,Looking for a ML Developer,"Django, Deep Learning, Data Science, Flask, Machine Learning"
593,AI Engineer,Looking for a AI Engineer,"NLP, JavaScript, Python, Flask"
594,Full Stack Developer,Looking for a Full Stack Developer,"Deep Learning, Python, NLP"
595,Full Stack Developer,Looking for a Full Stack Developer,"MySQL, Flask, Deep Learning, React"
596,Data Scientist,Looking for a Data Scientist,"Deep Learning, Django, Flask, MySQL"
597,Database Admin,Looking for a Database Admin,"MySQL, Flask, Data Science, Django"
598,Software Engineer,Looking for a Software Engineer,"NLP, Python"
599,Full Stack Developer,Looking for a Full Stack Developer,"Python, Machine Learning, Flask, Deep Learning, React"
600,Full Stack Developer,Looking for a Full Stack Developer,"Django, React, Python"
601,Database Admin,Looking for a Database Admin,"Python, Flask, Machine Learning, JavaScript, MySQL"
602,Database Admin,Looking for a Database Admin,"Flask, MySQL, JavaScript, Data Science, Machine Learning"
603,Database Admin,Looking for a Database Admin,"JavaScript, React, Machine Learning"
604,Software Engineer,Looking for a Software Engineer,"Django, Machine Learning, React, JavaScript"
605,Backend Developer,Looking for a Backend Developer,"Data Science, React"
606,AI Engineer,Looking for a AI Engineer,"Django, Deep Learning, NLP"
607,NLP Engineer,Looking for a NLP Engineer,"Data Science, Django, Deep Learning"
608,Backend Developer,Looking for a Backend Developer,"Deep Learning, JavaScript, Machine Learning, Data Science"
609,Backend Developer,Looking for a Backend Developer,"React, NLP, JavaScript"
610,NLP Engineer,Looking for a NLP Engineer,"JavaScript, Data Science, NLP, React"
611,Backend Developer,Looking for a Backend Developer,"NLP, React"
612,Database Admin,Looking for a Database Admin,"Deep Learning, JavaScript, Data Science, MySQL"
613,ML Developer,Looking for a ML Developer,"JavaScript, React, Data Science"
614,Data Scientist,Looking for a Data Scientist,"Machine Learning, Data Science, JavaScript, MySQL"
615,AI Engineer,Looking for a AI Engineer,"MySQL, Deep Learning"
616,Full Stack Developer,Looking for a Full Stack Developer,"Data Science, Django, MySQL"
617,Full Stack Developer,Looking for a Full Stack Developer,"Machine Learning, JavaScript, MySQL, React"
618,Database Admin,Looking for a Database Admin,"JavaScript, Data Science"
619,Software Engineer,Looking for a Software Engineer,"Deep Learning, Data Science, React"
620,Data Scientist,Looking for a Data Scientist,"Python, MySQL"
621,Data Scientist,Looking for a Data Scientist,"Data Science, Python, Flask, Machine Learning"
622,ML Developer,Looking for a ML Developer,"NLP, Data Science, Django, Deep Learning"
623,Database Admin,Looking for a Database Admin,"JavaScript, Flask, Deep Learning, React, Data Science"
624,Database Admin,Looking for a Database Admin,"Deep Learning, React, Flask, Machine Learning, Django"
625,Database Admin,Looking for a Database Admin,"Data Science, Flask, Machine Learning, Python, JavaScript"
626,ML Developer,Looking for a ML Developer,"Flask, Data Science, Python, MySQL"
627,Data Scientist,Looking for a Data Scientist,"JavaScript, Flask, NLP"
628,NLP Engineer,Looking for a NLP Engineer,"Python, MySQL, Deep Learning, Data Science, Machine Learning"
629,Full Stack Developer,Looking for a Full Stack Developer,"Machine Learning, Deep Learning, MySQL"
630,Database Admin,Looking for a Database Admin,"Python, Machine Learning, MySQL"
631,ML Developer,Looking for a ML Developer,"MySQL, Flask, Deep Learning, Data Science, Python"
632,Database Admin,Looking for a Database Admin,"React, Python"
633,Data Scientist,Looking for a Data Scientist,"NLP, React, Deep Learning, Python"
634,Data Scientist,Looking for a Data Scientist,"MySQL, Django"
635,Database Admin,Looking for a Database Admin,"NLP, Flask"
636,NLP Engineer,Looking for a NLP Engineer,"Flask, Data Science"
637,Software Engineer,Looking for a Software Engineer,"JavaScript, Deep Learning, Django, Machine Learning, Data Science"
638,AI Engineer,Looking for a AI Engineer,"Machine Learning, Deep Learning"
639,Data Scientist,Looking for a Data Scientist,"NLP, Deep Learning, React"
640,Database Admin,Looking for a Database Admin,"JavaScript, MySQL, Machine Learning, Data Science"
641,ML Developer,Looking for a ML Developer,"MySQL, React, Django, Flask, Data Science"
642,ML Developer,Looking for a ML Developer,"MySQL, Machine Learning"
643,Full Stack Developer,Looking for a Full Stack Developer,"Django, Python, Flask, Machine Learning"
644,Database Admin,Looking for a Database Admin,"Flask, Django, NLP, Python"
645,Full Stack Developer,Looking for a Full Stack Developer,"Python, MySQL"
646,Software Engineer,Looking for a Software Engineer,"Machine Learning, Flask, Data Science, MySQL"
647,AI Engineer,Looking for a AI Engineer,"Flask, Python, NLP"
648,Database Admin,Looking for a Database Admin,"Python, Flask, JavaScript, React, Data Science"
649,Full Stack Developer,Looking for a Full Stack Developer,"JavaScript, Django, Flask, Machine Learning, MySQL"
650,Data Scientist,Looking for a Data Scientist,"Django, Data Science, Machine Learning, Deep Learning"
651,Data Scientist,Looking for a Data Scientist,"MySQL, Python, NLP"
652,AI Engineer,Looking for a AI Engineer,"Machine Learning, JavaScript"
653,Data Scientist,Looking for a Data Scientist,"JavaScript, MySQL"
654,NLP Engineer,Looking for a NLP Engineer,"MySQL, Machine Learning, NLP, Python, Data Science"
655,Data Scientist,Looking for a Data Scientist,"Data Science, Flask, NLP, Machine Learning, JavaScript"
656,Data Scientist,Looking for a Data Scientist,"React, MySQL, JavaScript, Data Science"
657,NLP Engineer,Looking for a NLP Engineer,"Flask, NLP, MySQL, JavaScript"
658,Backend Developer,Looking for a Backend Developer,"JavaScript, MySQL, Flask"
659,ML Developer,Looking for a ML Developer,"Deep Learning, React"
660,ML Developer,Looking for a ML Developer,"Deep Learning, NLP, Python, JavaScript"
661,ML Developer,Looking for a ML Developer,"Django, Flask, MySQL, NLP"
662,Database Admin,Looking for a Database Admin,"React, Machine Learning"
663,NLP Engineer,Looking for a NLP Engineer,"Django, React, Machine Learning, Data Science"
664,Database Admin,Looking for a Database Admin,"Python, React, Data Science"
665,AI Engineer,Looking for a AI Engineer,"Deep Learning, React, MySQL"
666,AI Engineer,Looking for a AI Engineer,"MySQL, JavaScript"
667,Full Stack Developer,Looking for a Full Stack Developer,"NLP, React, Python"
668,Database Admin,Looking for a Database Admin,"MySQL, Python"
669,Data Scientist,Looking for a Data Scientist,"Flask, NLP, MySQL"
670,Software Engineer,Looking for a Software Engineer,"Django, Flask, Machine Learning, Deep Learning, MySQL"
671,Backend Developer,Looking for a Backend Developer,"Python, Flask, MySQL"
672,Database Admin,Looking for a Database Admin,"Flask, JavaScript"
673,ML Developer,Looking for a ML Developer,"JavaScript, MySQL, React, Deep Learning, Data Science"
674,ML Developer,Looking for a ML Developer,"MySQL, Flask, Data Science"
675,Software Engineer,Looking for a Software Engineer,"Django, Deep Learning, Python, React, Machine Learning"
676,Data Scientist,Looking for a Data Scientist,"React, Flask, MySQL, NLP"
677,NLP Engineer,Looking for a NLP Engineer,"Data Science, Flask, Python"
678,Full Stack Developer,Looking for a Full Stack Developer,"Data Science, Machine Learning, React"
679,ML Developer,Looking for a ML Developer,"MySQL, Django"
680,Software Engineer,Looking for a Software Engineer,"Machine Learning, Python, Django, JavaScript"
681,Backend Developer,Looking for a Backend Developer,"Flask, Deep Learning, Data Science"
682,ML Developer,Looking for a ML Developer,"NLP, Machine Learning, Deep Learning, Django"
683,Full Stack Developer,Looking for a Full Stack Developer,"React, JavaScript"
684,Backend Developer,Looking for a Backend Developer,"Deep Learning, Data Science, Flask, MySQL, NLP"
685,Full Stack Developer,Looking for a Full Stack Developer,"Django, Flask, Data Science, Python, JavaScript"
686,Data Scientist,Looking for a Data Scientist,"Flask, Django, Python"
687,NLP Engineer,Looking for a NLP Engineer,"NLP, Data Science, Python, MySQL, Machine Learning"
688,ML Developer,Looking for a ML Developer,"React, JavaScript, MySQL, Flask"
689,AI Engineer,Looking for a AI Engineer,"Flask, Machine Learning, Data Science"
690,AI Engineer,Looking for a AI Engineer,"Deep Learning, NLP, Django, JavaScript, Machine Learning"
691,AI Engineer,Looking for a AI Engineer,"Python, React, JavaScript"
692,AI Engineer,Looking for a AI Engineer,"NLP, React, Python, MySQL"
693,Data Scientist,Looking for a Data Scientist,"Django, Machine Learning"
694,Database Admin,Looking for a Database Admin,"Deep Learning, Machine Learning, Data Science, JavaScript, MySQL"
695,NLP Engineer,Looking for a NLP Engineer,"JavaScript, MySQL, Flask, Data Science"
696,Full Stack Developer,Looking for a Full Stack Developer,"Machine Learning, React, NLP"
697,Database Admin,Looking for a Database Admin,"JavaScript, Flask"
698,Backend Developer,Looking for a Backend Developer,"Flask, Deep Learning, Machine Learning"
699,ML Developer,Looking for a ML Developer,"NLP, Python, Deep Learning, Machine Learning"
700,Backend Developer,Looking for a Backend Developer,"Data Science, Django, MySQL, Machine Learning, NLP"
701,AI Engineer,Looking for a AI Engineer,"MySQL, Machine Learning, NLP"
702,AI Engineer,Looking for a AI Engineer,"MySQL, Python, React"
703,AI Engineer,Looking for a AI Engineer,"NLP, Data Science"
704,Full Stack Developer,Looking for a Full Stack Developer,"React, Data Science"
705,ML Developer,Looking for a ML Developer,"Flask, Data Science, Machine Learning, Django, Python"
706,Software Engineer,Looking for a Software Engineer,"Flask, Django, MySQL, NLP, JavaScript"
707,Full Stack Developer,Looking for a Full Stack Developer,"NLP, Flask, MySQL, Django"
708,Database Admin,Looking for a Database Admin,"NLP, Data Science, MySQL, JavaScript"
709,ML Developer,Looking for a ML Developer,"Deep Learning, Python, Machine Learning"
710,NLP Engineer,Looking for a NLP Engineer,"Flask, Deep Learning, JavaScript, React, MySQL"
711,Software Engineer,Looking for a Software Engineer,"MySQL, Python, NLP, Data Science, Deep Learning"
712,Backend Developer,Looking for a Backend Developer,"Django, Deep Learning, React"
713,Database Admin,Looking for a Database Admin,"MySQL, React, Deep Learning, Machine Learning, NLP"
714,Software Engineer,Looking for a Software Engineer,"Deep Learning, Flask, NLP, Machine Learning"
715,ML Developer,Looking for a ML Developer,"Django, Data Science, Flask"
716,Full Stack Developer,Looking for a Full Stack Developer,"JavaScript, Flask"
717,ML Developer,Looking for a ML Developer,"Flask, Python, React, MySQL"
718,NLP Engineer,Looking for a NLP Engineer,"Django, Flask, Data Science, JavaScript"
719,Database Admin,Looking for a Database Admin,"Deep Learning, NLP, Python, MySQL, Flask"
720,Data Scientist,Looking for a Data Scientist,"Machine Learning, Python"
721,AI Engineer,Looking for a AI Engineer,"JavaScript, MySQL, Machine Learning"
722,NLP Engineer,Looking for a NLP Engineer,"Python, Deep Learning, Flask, Data Science"
723,Backend Developer,Looking for a Backend Developer,"Django, Data Science, Deep Learning, NLP, Machine Learning"
724,Software Engineer,Looking for a Software Engineer,"Machine Learning, Flask, NLP"
725,NLP Engineer,Looking for a NLP Engineer,"Python, Flask, JavaScript, Deep Learning, Data Science"
726,Data Scientist,Looking for a Data Scientist,"Python, Data Science"
727,Data Scientist,Looking for a Data Scientist,"Data Science, React, NLP, JavaScript"
728,NLP Engineer,Looking for a NLP Engineer,"Deep Learning, MySQL, React"
729,NLP Engineer,Looking for a NLP Engineer,"Django, JavaScript"
730,Software Engineer,Looking for a Software Engineer,"Machine Learning, Flask, NLP, Data Science"
731,Database Admin,Looking for a Database Admin,"MySQL, React, Machine Learning, Flask"
732,NLP Engineer,Looking for a NLP Engineer,"Deep Learning, Data Science, Python, Machine Learning"
733,Full Stack Developer,Looking for a Full Stack Developer,"Flask, Python, Data Science, NLP, Machine Learning"
734,Backend Developer,Looking for a Backend Developer,"MySQL, Python"
735,ML Developer,Looking for a ML Developer,"React, JavaScript, NLP, MySQL"
736,AI Engineer,Looking for a AI Engineer,"React, Python"
737,Backend Developer,Looking for a Backend Developer,"React, Django, Flask"
738,Backend Developer,Looking for a Backend Developer,"Data Science, Django, Deep Learning"
739,Software Engineer,Looking for a Software Engineer,"Flask, Machine Learning, Django, MySQL, React"
740,ML Developer,Looking for a ML Developer,"MySQL, Django, NLP, Deep Learning, Data Science"
741,Software Engineer,Looking for a Software Engineer,"Deep Learning, JavaScript, Flask"
742,Backend Developer,Looking for a Backend Developer,"NLP, MySQL, Data Science"
743,Backend Developer,Looking for a Backend Developer,"Machine Learning, Flask, Python, JavaScript, React"
744,Database Admin,Looking for a Database Admin,"Machine Learning, JavaScript"
745,Full Stack Developer,Looking for a Full Stack Developer,"Deep Learning, Data Science, Django, Flask, NLP"
746,NLP Engineer,Looking for a NLP Engineer,"NLP, Data Science"
747,AI Engineer,Looking for a AI Engineer,"React, JavaScript, Flask, NLP"
748,AI Engineer,Looking for a AI Engineer,"Deep Learning, Django, Flask"
749,Full Stack Developer,Looking for a Full Stack Developer,"React, Flask, Deep Learning, NLP, Data Science"
750,Software Engineer,Looking for a Software Engineer,"Data Science, Deep Learning, Machine Learning"
751,Software Engineer,Looking for a Software Engineer,"Python, Machine Learning"
752,NLP Engineer,Looking for a NLP Engineer,"MySQL, Flask, Machine Learning"
753,ML Developer,Looking for a ML Developer,"Deep Learning, Machine Learning, Data Science"
754,Data Scientist,Looking for a Data Scientist,"Data Science, JavaScript, React, Django, Flask"
755,Database Admin,Looking for a Database Admin,"Flask, Django, Machine Learning"
756,Data Scientist,Looking for a Data Scientist,"Machine Learning, Deep Learning"
757,Database Admin,Looking for a Database Admin,"MySQL, Data Science"
758,Full Stack Developer,Looking for a Full Stack Developer,"Machine Learning, React, JavaScript"
759,Backend Developer,Looking for a Backend Developer,"Machine Learning, Data Science, NLP"
760,Backend Developer,Looking for a Backend Developer,"Machine Learning, Deep Learning, React, MySQL, Flask"
761,Software Engineer,Looking for a Software Engineer,"MySQL, Machine Learning, React, NLP"
762,Software Engineer,Looking for a Software Engineer,"MySQL, Deep Learning, Machine Learning, Django, Data Science"
763,Full Stack Developer,Looking for a Full Stack Developer,"JavaScript, Django, Flask"
764,Data Scientist,Looking for a Data Scientist,"Python, NLP"
765,Data Scientist,Looking for a Data Scientist,"JavaScript, Flask, Data Science, NLP, Deep Learning"
766,AI Engineer,Looking for a AI Engineer,"Deep Learning, Django, Machine Learning, Data Science, React"
767,Software Engineer,Looking for a Software Engineer,"Machine Learning, React, Data Science, Django, Python"
768,AI Engineer,Looking for a AI Engineer,"MySQL, Flask, Python, Machine Learning"
769,Full Stack Developer,Looking for a Full Stack Developer,"Machine Learning, Django, MySQL, Data Science"
770,Data Scientist,Looking for a Data Scientist,"JavaScript, Data Science"
771,Software Engineer,Looking for a Software Engineer,"Python, Deep Learning, NLP, Django"
772,NLP Engineer,Looking for a NLP Engineer,"Machine Learning, Python"
773,Full Stack Developer,Looking for a Full Stack Developer,"Python, Data Science, Machine Learning, Flask, React"
774,NLP Engineer,Looking for a NLP Engineer,"Flask, MySQL, Deep Learning, Python"
775,AI Engineer,Looking for a AI Engineer,"Django, Python, JavaScript"
776,NLP Engineer,Looking for a NLP Engineer,"MySQL, JavaScript, Django, React"
777,NLP Engineer,Looking for a NLP Engineer,"Flask, JavaScript, Data Science, React"
778,Software Engineer,Looking for a Software Engineer,"Data Science, Django, MySQL, React"
779,Database Admin,Looking for a Database Admin,"React, Flask, NLP, MySQL"
780,Database Admin,Looking for a Database Admin,"Machine Learning, Data Science, JavaScript, NLP"
781,NLP Engineer,Looking for a NLP Engineer,"Django, MySQL, Flask, JavaScript"
782,ML Developer,Looking for a ML Developer,"Machine Learning, Python, Django"
783,NLP Engineer,Looking for a NLP Engineer,"JavaScript, Flask, MySQL, Deep Learning"
784,ML Developer,Looking for a ML Developer,"NLP, Machine Learning"
785,NLP Engineer,Looking for a NLP Engineer,"Data Science, Django"
786,Database Admin,Looking for a Database Admin,"NLP, MySQL, React"
787,AI Engineer,Looking for a AI Engineer,"MySQL, JavaScript"
788,ML Developer,Looking for a ML Developer,"Machine Learning, Python, Flask, Django"
789,AI Engineer,Looking for a AI Engineer,"Django, Deep Learning, Data Science"
790,Software Engineer,Looking for a Software Engineer,"Data Science, React, MySQL"
791,Data Scientist,Looking for a Data Scientist,"JavaScript, Data Science, Python, NLP, Django"
792,AI Engineer,Looking for a AI Engineer,"NLP, Data Science, MySQL, Flask, Deep Learning"
793,AI Engineer,Looking for a AI Engineer,"Flask, Django, JavaScript, Data Science, MySQL"
794,Software Engineer,Looking for a Software Engineer,"Django, Python"
795,Software Engineer,Looking for a Software Engineer,"Python, NLP, React"
796,Full Stack Developer,Looking for a Full Stack Developer,"Data Science, JavaScript"
797,Full Stack Developer,Looking for a Full Stack Developer,"Django, Machine Learning, Data Science"
798,Backend Developer,Looking for a Backend Developer,"Data Science, Django, JavaScript"
799,Database Admin,Looking for a Database Admin,"NLP, JavaScript, Django, MySQL, Machine Learning"
800,Data Scientist,Looking for a Data Scientist,"NLP, Django, Python, Flask"
801,ML Developer,Looking for a ML Developer,"Django, NLP, Data Science, MySQL, React"
802,Backend Developer,Looking for a Backend Developer,"Deep Learning, Machine Learning, React, Data Science, Django"
803,Backend Developer,Looking for a Backend Developer,"React, JavaScript, Flask"
804,Full Stack Developer,Looking for a Full Stack Developer,"NLP, Data Science, MySQL, Flask, JavaScript"
805,Database Admin,Looking for a Database Admin,"MySQL, JavaScript"
806,Backend Developer,Looking for a Backend Developer,"Deep Learning, Django, MySQL, NLP, Flask"
807,ML Developer,Looking for a ML Developer,"Data Science, MySQL"
808,Software Engineer,Looking for a Software Engineer,"Deep Learning, NLP"
809,Full Stack Developer,Looking for a Full Stack Developer,"JavaScript, Deep Learning"
810,Data Scientist,Looking for a Data Scientist,"MySQL, JavaScript, Python"
811,Software Engineer,Looking for a Software Engineer,"Django, React"
812,Backend Developer,Looking for a Backend Developer,"Data Science, Deep Learning, Django, NLP, Python"
813,Full Stack Developer,Looking for a Full Stack Developer,"NLP, MySQL, Python, Deep Learning, React"
814,AI Engineer,Looking for a AI Engineer,"MySQL, Data Science"
815,AI Engineer,Looking for a AI Engineer,"NLP, MySQL, Machine Learning, Flask"
816,Database Admin,Looking for a Database Admin,"Deep Learning, Data Science, Flask, MySQL, Machine Learning"
817,Backend Developer,Looking for a Backend Developer,"Deep Learning, NLP, Django, React"
818,AI Engineer,Looking for a AI Engineer,"Python, Flask, Django, Data Science, MySQL"
819,Backend Developer,Looking for a Backend Developer,"Python, Flask"
820,NLP Engineer,Looking for a NLP Engineer,"Deep Learning, Flask, JavaScript, Data Science"
821,ML Developer,Looking for a ML Developer,"Python, React, MySQL, Django, Data Science"
822,Backend Developer,Looking for a Backend Developer,"Data Science, Python, JavaScript, Deep Learning"
823,NLP Engineer,Looking for a NLP Engineer,"Django, Python, Machine Learning, NLP"
824,Backend Developer,Looking for a Backend Developer,"Python, Data Science"
825,Full Stack Developer,Looking for a Full Stack Developer,"Flask, Machine Learning, NLP"
826,Data Scientist,Looking for a Data Scientist,"React, NLP, Data Science"
827,Database Admin,Looking for a Database Admin,"NLP, Python, React"
828,Full Stack Developer,Looking for a Full Stack Developer,"Python, Flask, JavaScript, Machine Learning"
829,Software Engineer,Looking for a Software Engineer,"MySQL, Machine Learning, Deep Learning"
830,Database Admin,Looking for a Database Admin,"MySQL, Data Science, Django"
831,Database Admin,Looking for a Database Admin,"MySQL, Python"
832,Data Scientist,Looking for a Data Scientist,"JavaScript, MySQL"
833,ML Developer,Looking for a ML Developer,"React, Python, Django, NLP, Machine Learning"
834,Data Scientist,Looking for a Data Scientist,"Machine Learning, Deep Learning"
835,Software Engineer,Looking for a Software Engineer,"Deep Learning, Machine Learning, NLP"
836,Data Scientist,Looking for a Data Scientist,"MySQL, Django, JavaScript, Python"
837,ML Developer,Looking for a ML Developer,"Deep Learning, MySQL, Flask, Django"
838,Backend Developer,Looking for a Backend Developer,"Django, Data Science"
839,Backend Developer,Looking for a Backend Developer,"JavaScript, Flask, React"
840,AI Engineer,Looking for a AI Engineer,"Machine Learning, Django, React, JavaScript, Python"
841,Database Admin,Looking for a Database Admin,"React, Machine Learning"
842,Database Admin,Looking for a Database Admin,"NLP, Deep Learning, Flask, Machine Learning, React"
843,Software Engineer,Looking for a Software Engineer,"Django, MySQL, Flask"
844,Database Admin,Looking for a Database Admin,"Django, NLP"
845,AI Engineer,Looking for a AI Engineer,"MySQL, NLP, React, JavaScript, Python"
846,Database Admin,Looking for a Database Admin,"Deep Learning, Machine Learning, Django, Python, Flask"
847,NLP Engineer,Looking for a NLP Engineer,"Flask, JavaScript, Data Science, NLP"
848,Full Stack Developer,Looking for a Full Stack Developer,"Deep Learning, NLP, Machine Learning, MySQL"
849,Software Engineer,Looking for a Software Engineer,"Deep Learning, JavaScript, MySQL, Data Science, Flask"
850,Data Scientist,Looking for a Data Scientist,"Django, Python, React, Deep Learning"
851,AI Engineer,Looking for a AI Engineer,"NLP, JavaScript, Deep Learning, MySQL, Django"
852,NLP Engineer,Looking for a NLP Engineer,"React, Deep Learning, NLP, Django"
853,NLP Engineer,Looking for a NLP Engineer,"Django, React, NLP, Machine Learning, Deep Learning"
854,Data Scientist,Looking for a Data Scientist,"Deep Learning, NLP, JavaScript, Django, Flask"
855,Backend Developer,Looking for a Backend Developer,"Django, React"
856,Software Engineer,Looking for a Software Engineer,"Machine Learning, Python, Flask, Deep Learning, NLP"
857,Backend Developer,Looking for a Backend Developer,"Django, JavaScript"
858,Data Scientist,Looking for a Data Scientist,"JavaScript, Flask, Python"
859,AI Engineer,Looking for a AI Engineer,"React, Deep Learning, Django"
860,Backend Developer,Looking for a Backend Developer,"Django, React"
861,Full Stack Developer,Looking for a Full Stack Developer,"Machine Learning, Django, Python"
862,Database Admin,Looking for a Database Admin,"JavaScript, Data Science, React"
863,ML Developer,Looking for a ML Developer,"Deep Learning, Data Science, Machine Learning"
864,Backend Developer,Looking for a Backend Developer,"MySQL, JavaScript, Python, React"
865,Full Stack Developer,Looking for a Full Stack Developer,"NLP, Python, Deep Learning"
866,Software Engineer,Looking for a Software Engineer,"Flask, MySQL, NLP, React, Django"
867,Backend Developer,Looking for a Backend Developer,"MySQL, JavaScript, Flask, Data Science"
868,Database Admin,Looking for a Database Admin,"NLP, Deep Learning, Machine Learning, JavaScript"
869,Backend Developer,Looking for a Backend Developer,"Flask, MySQL, Python"
870,Software Engineer,Looking for a Software Engineer,"React, Deep Learning, Django, Machine Learning, MySQL"
871,NLP Engineer,Looking for a NLP Engineer,"Machine Learning, Python, Flask"
872,Backend Developer,Looking for a Backend Developer,"Flask, Python, Deep Learning, MySQL"
873,NLP Engineer,Looking for a NLP Engineer,"MySQL, Machine Learning, NLP"
874,Software Engineer,Looking for a Software Engineer,"React, Data Science, Django, Machine Learning"
875,Backend Developer,Looking for a Backend Developer,"Django, Python, Data Science"
876,ML Developer,Looking for a ML Developer,"Deep Learning, React, NLP, Machine Learning, MySQL"
877,Full Stack Developer,Looking for a Full Stack Developer,"Data Science, JavaScript, React, NLP, MySQL"
878,Full Stack Developer,Looking for a Full Stack Developer,"Flask, React, Python"
879,ML Developer,Looking for a ML Developer,"Data Science, MySQL, Deep Learning, NLP"
880,Full Stack Developer,Looking for a Full Stack Developer,"JavaScript, MySQL, Django, Machine Learning"
881,Full Stack Developer,Looking for a Full Stack Developer,"JavaScript, React, Deep Learning, Python"
882,NLP Engineer,Looking for a NLP Engineer,"Python, React"
883,Data Scientist,Looking for a Data Scientist,"Data Science, Deep Learning, Machine Learning, Flask"
884,Software Engineer,Looking for a Software Engineer,"Flask, NLP, Python, React, Machine Learning"
885,NLP Engineer,Looking for a NLP Engineer,"Machine Learning, Deep Learning, Python, Django"
886,Software Engineer,Looking for a Software Engineer,"Python, Machine Learning, React, Django"
887,Backend Developer,Looking for a Backend Developer,"MySQL, Django, JavaScript"
888,AI Engineer,Looking for a AI Engineer,"Django, React, Flask"
889,AI Engineer,Looking for a AI Engineer,"Python, React, Data Science, MySQL"
890,Software Engineer,Looking for a Software Engineer,"React, JavaScript, Django"
891,Software Engineer,Looking for a Software Engineer,"NLP, Data Science, Flask"
892,NLP Engineer,Looking for a NLP Engineer,"NLP, Machine Learning"
893,ML Developer,Looking for a ML Developer,"Flask, Python, JavaScript"
894,Software Engineer,Looking for a Software Engineer,"React, NLP, MySQL, Data Science, Deep Learning"
895,Data Scientist,Looking for a Data Scientist,"Python, Deep Learning, NLP, Data Science, Django"
896,ML Developer,Looking for a ML Developer,"NLP, Data Science, Python, JavaScript, Django"
897,NLP Engineer,Looking for a NLP Engineer,"Django, Python, MySQL, Deep Learning"
898,AI Engineer,Looking for a AI Engineer,"NLP, Django, Python, React, JavaScript"
899,Backend Developer,Looking for a Backend Developer,"Django, Machine Learning"
900,Database Admin,Looking for a Database Admin,"Data Science, MySQL"
901,AI Engineer,Looking for a AI Engineer,"Flask, Deep Learning, Machine Learning, Python"
902,Full Stack Developer,Looking for a Full Stack Developer,"MySQL, Machine Learning, Flask, NLP, React"
903,NLP Engineer,Looking for a NLP Engineer,"NLP, JavaScript, Django, React, Python"
904,Data Scientist,Looking for a Data Scientist,"JavaScript, Flask"
905,Software Engineer,Looking for a Software Engineer,"MySQL, React"
906,Backend Developer,Looking for a Backend Developer,"MySQL, Flask, Machine Learning"
907,Database Admin,Looking for a Database Admin,"Data Science, React, Python"
908,ML Developer,Looking for a ML Developer,"Machine Learning, Data Science"
909,ML Developer,Looking for a ML Developer,"Flask, Python, Machine Learning, MySQL, Data Science"
910,ML Developer,Looking for a ML Developer,"JavaScript, Python, NLP, Data Science, React"
911,Full Stack Developer,Looking for a Full Stack Developer,"NLP, Data Science"
912,ML Developer,Looking for a ML Developer,"NLP, React, JavaScript"
913,Backend Developer,Looking for a Backend Developer,"Machine Learning, JavaScript, React, NLP, Deep Learning"
914,Full Stack Developer,Looking for a Full Stack Developer,"NLP, MySQL, Deep Learning, Machine Learning, Python"
915,Backend Developer,Looking for a Backend Developer,"Deep Learning, Data Science, NLP"
916,NLP Engineer,Looking for a NLP Engineer,"Deep Learning, Python, Django"
917,AI Engineer,Looking for a AI Engineer,"Deep Learning, Flask, JavaScript, MySQL"
918,Full Stack Developer,Looking for a Full Stack Developer,"MySQL, Data Science, Python, Machine Learning"
919,AI Engineer,Looking for a AI Engineer,"Django, React"
920,Database Admin,Looking for a Database Admin,"Deep Learning, Flask, JavaScript, Data Science"
921,ML Developer,Looking for a ML Developer,"Flask, MySQL, Deep Learning, React"
922,Software Engineer,Looking for a Software Engineer,"Python, JavaScript, Machine Learning"
923,NLP Engineer,Looking for a NLP Engineer,"JavaScript, Python, Data Science, NLP, Django"
924,Full Stack Developer,Looking for a Full Stack Developer,"Machine Learning, NLP"
925,ML Developer,Looking for a ML Developer,"React, Flask, Data Science, Python"
926,Data Scientist,Looking for a Data Scientist,"JavaScript, Flask, Data Science"
927,Full Stack Developer,Looking for a Full Stack Developer,"Data Science, NLP, Python"
928,Software Engineer,Looking for a Software Engineer,"React, Python, MySQL, Flask, NLP"
929,ML Developer,Looking for a ML Developer,"Python, React, MySQL, Deep Learning"
930,Database Admin,Looking for a Database Admin,"Django, MySQL, Machine Learning"
931,NLP Engineer,Looking for a NLP Engineer,"Django, NLP, Machine Learning, React, JavaScript"
932,Full Stack Developer,Looking for a Full Stack Developer,"React, NLP"
933,AI Engineer,Looking for a AI Engineer,"Flask, NLP"
934,ML Developer,Looking for a ML Developer,"Deep Learning, React, Flask, Django, NLP"
935,NLP Engineer,Looking for a NLP Engineer,"NLP, MySQL, Flask"
936,Full Stack Developer,Looking for a Full Stack Developer,"Flask, NLP"
937,Backend Developer,Looking for a Backend Developer,"JavaScript, MySQL, Django, Flask, NLP"
938,Backend Developer,Looking for a Backend Developer,"NLP, Django"
939,NLP Engineer,Looking for a NLP Engineer,"NLP, React, Machine Learning"
940,NLP Engineer,Looking for a NLP Engineer,"Django, Machine Learning, React, Python, NLP"
941,Software Engineer,Looking for a Software Engineer,"MySQL, Flask, Python"
942,Database Admin,Looking for a Database Admin,"Django, JavaScript, MySQL"
943,Full Stack Developer,Looking for a Full Stack Developer,"Deep Learning, Django, Data Science"
944,Full Stack Developer,Looking for a Full Stack Developer,"NLP, Flask, Deep Learning"
945,AI Engineer,Looking for a AI Engineer,"React, JavaScript"
946,ML Developer,Looking for a ML Developer,"Deep Learning, Flask, Data Science"
947,Database Admin,Looking for a Database Admin,"JavaScript, Data Science"
948,ML Developer,Looking for a ML Developer,"Deep Learning, Machine Learning, Django, MySQL, Python"
949,Software Engineer,Looking for a Software Engineer,"Data Science, JavaScript, MySQL, NLP"
950,AI Engineer,Looking for a AI Engineer,"Flask, JavaScript, Django, Data Science"
951,Backend Developer,Looking for a Backend Developer,"Data Science, MySQL, JavaScript, Machine Learning"
952,ML Developer,Looking for a ML Developer,"Flask, Machine Learning, MySQL, React"
953,Software Engineer,Looking for a Software Engineer,"JavaScript, MySQL, Python, Data Science, NLP"
954,Database Admin,Looking for a Database Admin,"Python, Django, JavaScript, Machine Learning, NLP"
955,Backend Developer,Looking for a Backend Developer,"NLP, Data Science"
956,AI Engineer,Looking for a AI Engineer,"Machine Learning, NLP"
957,Backend Developer,Looking for a Backend Developer,"Python, Flask"
958,AI Engineer,Looking for a AI Engineer,"Machine Learning, Django, Deep Learning"
959,NLP Engineer,Looking for a NLP Engineer,"React, Data Science, Flask, Django, JavaScript"
960,Full Stack Developer,Looking for a Full Stack Developer,"Data Science, JavaScript"
961,Backend Developer,Looking for a Backend Developer,"Flask, NLP"
962,Software Engineer,Looking for a Software Engineer,"Machine Learning, Flask, Data Science"
963,Full Stack Developer,Looking for a Full Stack Developer,"MySQL, Django, Deep Learning"
964,Software Engineer,Looking for a Software Engineer,"Python, Django"
965,Full Stack Developer,Looking for a Full Stack Developer,"JavaScript, React, Python, Django"
966,ML Developer,Looking for a ML Developer,"Django, Python, Flask, Data Science, Machine Learning"
967,Data Scientist,Looking for a Data Scientist,"Python, Machine Learning"
968,AI Engineer,Looking for a AI Engineer,"MySQL, Data Science, Flask, Django, Python"
969,Data Scientist,Looking for a Data Scientist,"React, Machine Learning, Flask, MySQL"
970,Data Scientist,Looking for a Data Scientist,"NLP, Machine Learning, Data Science"
971,Data Scientist,Looking for a Data Scientist,"React, NLP, Machine Learning, MySQL"
972,Data Scientist,Looking for a Data Scientist,"Django, JavaScript, MySQL, Machine Learning"
973,NLP Engineer,Looking for a NLP Engineer,"NLP, React"
974,AI Engineer,Looking for a AI Engineer,"MySQL, Machine Learning"
975,Full Stack Developer,Looking for a Full Stack Developer,"Deep Learning, MySQL, NLP, Python, Flask"
976,Data Scientist,Looking for a Data Scientist,"Python, React, NLP"
977,Backend Developer,Looking for a Backend Developer,"Flask, Deep Learning, Django"
978,Full Stack Developer,Looking for a Full Stack Developer,"MySQL, JavaScript, React, Machine Learning, NLP"
979,Full Stack Developer,Looking for a Full Stack Developer,"MySQL, NLP, Django"
980,ML Developer,Looking for a ML Developer,"Machine Learning, React, MySQL, Python, Django"
981,AI Engineer,Looking for a AI Engineer,"Django, Flask, Data Science"
982,Software Engineer,Looking for a Software Engineer,"Data Science, Deep Learning, MySQL"
983,Full Stack Developer,Looking for a Full Stack Developer,"Flask, NLP"
984,Database Admin,Looking for a Database Admin,"Deep Learning, Django, Machine Learning, Flask, MySQL"
985,Data Scientist,Looking for a Data Scientist,"Python, MySQL, Flask, Deep Learning"
986,ML Developer,Looking for a ML Developer,"JavaScript, MySQL, Deep Learning, Django, Flask"
987,ML Developer,Looking for a ML Developer,"MySQL, Flask, React, Deep Learning, Django"
988,Data Scientist,Looking for a Data Scientist,"MySQL, Deep Learning, Python"
989,Software Engineer,Looking for a Software Engineer,"Deep Learning, Python, React, Flask"
990,ML Developer,Looking for a ML Developer,"MySQL, Machine Learning, Python, JavaScript, Flask"
991,ML Developer,Looking for a ML Developer,"Deep Learning, Machine Learning, Data Science"
992,Database Admin,Looking for a Database Admin,"Data Science, Django, Flask"
993,Full Stack Developer,Looking for a Full Stack Developer,"Python, React"
994,Backend Developer,Looking for a Backend Developer,"Data Science, Deep Learning, React, Python"
995,Database Admin,Looking for a Database Admin,"Data Science, JavaScript"
996,Full Stack Developer,Looking for a Full Stack Developer,"Deep Learning, Data Science, Python, Django, NLP"
997,Database Admin,Looking for a Database Admin,"Python, JavaScript, Machine Learning, Deep Learning, MySQL"
998,ML Developer,Looking for a ML Developer,"Machine Learning, JavaScript, Django, Deep Learning, MySQL"
999,Database Admin,Looking for a Database Admin,"Data Science, NLP, MySQL"
1000,Database Admin,Looking for a Database Admin,"NLP, Deep Learning, React"
